<?xml version="1.0" encoding="utf-8" ?>
<Calorie>
  <!--COKE-->
  <Coke>
      <Title>TotalFat (g)</Title>
      <Amount>1</Amount>
  </Coke>
  <Coke>
      <Title>Cholesterol (mg)</Title>
      <Amount>0</Amount>
  </Coke>
  <Coke>
      <Title>Sodium (mg)</Title>
      <Amount>7</Amount>
  </Coke>
  <Coke> 
      <Title>TotalCarbohydrates (g)</Title>
      <Amount>44</Amount>
  </Coke>
  <Coke>  
      <Title>Protein (g)</Title>
      <Amount>4</Amount>
   </Coke>
  <Coke>
      <Title>Calcium (%)</Title>
      <Amount>1</Amount>
  </Coke>
  <Coke>
       <Title>Iron (%)</Title>
      <Amount>16</Amount>
  </Coke>
  <!--BURGER-->
  <Burger>
      <Title>TotalFat (g)</Title>
      <Amount>17</Amount>
  </Burger>
   <Burger>
      <Title>Cholesterol (mg)</Title>
      <Amount>47</Amount>
  </Burger>
  <Burger>
      <Title>Sodium (mg)</Title>
      <Amount>414</Amount>
  </Burger>
  <Burger> 
      <Title>TotalCarbohydrates (g)</Title>
      <Amount>24</Amount>
  </Burger>

<!--WORSROLL-->
   <Worsroll>
      <Title>Calories</Title>
      <Amount>515</Amount>
  </Worsroll>
  <Worsroll>
      <Title>Kilojoules (kj)</Title>
      <Amount>1372</Amount>
  </Worsroll>  
  <Worsroll>
      <Title>Potassium (mg)</Title>
      <Amount>212</Amount>
  </Worsroll>  
  <Worsroll>
      <Title>Fibre</Title>
      <Amount>6</Amount>
  </Worsroll>
  <Worsroll>
      <Title>Cholesterol (mg)</Title>
      <Amount>0</Amount>
  </Worsroll>
  <Worsroll>
      <Title>Sodium (mg)</Title>
      <Amount>190</Amount>
  </Worsroll>
  <Worsroll> 
      <Title>TotalCarbohydrates (g)</Title>
      <Amount>22</Amount>
  </Worsroll>
  <Worsroll>  
      <Title>Protein (g)</Title>
      <Amount>40</Amount>
   </Worsroll>
  <Worsroll>
       <Title>Sugar</Title>
      <Amount>2</Amount>
  </Worsroll>
<!--SANDWICH-->
<Sandwich>
      <Title>TotalFat (g)</Title>
      <Amount>20</Amount>
  </Sandwich>
  <Sandwich>
      <Title>Cholesterol (mg)</Title>
      <Amount>50</Amount>
  </Sandwich>
  <Sandwich>
      <Title>Sodium (mg)</Title>
      <Amount>7</Amount>
  </Sandwich>
  <Sandwich> 
      <Title>TotalCarbohydrates (g)</Title>
      <Amount>26</Amount>
  </Sandwich>
  <Sandwich>  
      <Title>Protein (g)</Title>
      <Amount>40</Amount>
   </Sandwich>
<!--BEEF CURRY-->
<Beef>
      <Title>TotalFat (g)</Title>
      <Amount>150</Amount>
  </Beef>
  <Beef>
      <Title>Kilojoules (kj)</Title>
      <Amount>1984</Amount>
  </Beef>
  <Beef>
      <Title>Sodium (mg)</Title>
      <Amount>31</Amount>
  </Beef>
  <Beef> 
      <Title>TotalCarbohydrates (g)</Title>
      <Amount>8</Amount>
  </Beef>
  <Beef>  
      <Title>Protein (g)</Title>
      <Amount>38</Amount>
   </Beef>
  <Beef>
      <Title>Sugar</Title>
      <Amount>8</Amount>
  </Beef>
  <Beef>
       <Title>Potassium (mg)</Title>
      <Amount>28</Amount>
  </Beef>
<!--SHAWARMA-->
<Shawarma>
      <Title>TotalFat (g)</Title>
      <Amount>19</Amount>
  </Shawarma>
  <Shawarma>
      <Title>Cholesterol (mg)</Title>
      <Amount>0</Amount>
  </Shawarma>
  <Shawarma>
      <Title>Sodium (mg)</Title>
      <Amount>7</Amount>
  </Shawarma>
  <Shawarma> 
      <Title>TotalCarbohydrates (g)</Title>
      <Amount>44</Amount>
  </Shawarma>
  <Shawarma>  
      <Title>Protein (g)</Title>
      <Amount>4</Amount>
   </Shawarma>
  <Shawarma>
      <Title>Calcium (%)</Title>
      <Amount>1</Amount>
  </Shawarma>
  
<!--PIE-->
  <Pie>
      <Title>TotalFat (g)</Title>
      <Amount>28</Amount>
  </Pie>
  <Pie>
      <Title>Cholesterol (mg)</Title>
      <Amount>50</Amount>
  </Pie>
  <Pie>
      <Title>Sodium (mg)</Title>
      <Amount>7</Amount>
  </Pie>
  <Pie> 
      <Title>TotalCarbohydrates (g)</Title>
      <Amount>44</Amount>
  </Pie>
  <Pie>  
      <Title>Protein (g)</Title>
      <Amount>4</Amount>
   </Pie>
  <Pie>
      <Title>Calcium (%)</Title>
      <Amount>1</Amount>
  </Pie>
  <Pie>
       <Title>Iron (%)</Title>
      <Amount>16</Amount>
  </Pie>  
<!--DORITOS-->
 <Doritos>
      <Title>TotalFat (g)</Title>
      <Amount>10</Amount>
  </Doritos>
  <Doritos>
      <Title>Cholesterol (mg)</Title>
      <Amount>0</Amount>
  </Doritos>
  <Doritos>
      <Title>Sodium (mg)</Title>
      <Amount>7</Amount>
  </Doritos>
  <Doritos> 
      <Title>TotalCarbohydrates (g)</Title>
      <Amount>44</Amount>
  </Doritos>
  <Doritos>  
      <Title>Protein (g)</Title>
      <Amount>7</Amount>
   </Doritos>
  <Doritos>
      <Title>Calcium (%)</Title>
      <Amount>7</Amount>
  </Doritos>
  <Doritos>
       <Title>Iron (%)</Title>
      <Amount>16</Amount>
  </Doritos> 
<!--GWINYA-->
  <Gwinya>
      <Title>TotalFat (g)</Title>
      <Amount>40</Amount>
  </Gwinya>
  <Gwinya>
      <Title>Cholesterol (mg)</Title>
      <Amount>0</Amount>
  </Gwinya>
  <Gwinya>
      <Title>Sodium (mg)</Title>
      <Amount>7</Amount>
  </Gwinya>
  <Gwinya> 
      <Title>TotalCarbohydrates (g)</Title>
      <Amount>44</Amount>
  </Gwinya>
  <Gwinya>  
      <Title>Protein (g)</Title>
      <Amount>14</Amount>
   </Gwinya>
  <Gwinya>
      <Title>Calcium (%)</Title>
      <Amount>16</Amount>
  </Gwinya>
  <Gwinya>
       <Title>Iron (%)</Title>
      <Amount>16</Amount>
  </Gwinya>  
<!--VALPRE-->
  <Valpre>
      <Title>TotalFat (g)</Title>
      <Amount>1</Amount>
  </Valpre>
  <Valpre>
      <Title>Cholesterol (mg)</Title>
      <Amount>0</Amount>
  </Valpre>
  <Valpre>
      <Title>Sodium (mg)</Title>
      <Amount>7</Amount>
  </Valpre>
  <Valpre> 
      <Title>TotalCarbohydrates (g)</Title>
      <Amount>44</Amount>
  </Valpre>
  <Valpre>  
      <Title>Protein (g)</Title>
      <Amount>4</Amount>
   </Valpre>
  <Valpre>
      <Title>Calcium (%)</Title>
      <Amount>19</Amount>
  </Valpre>
  <Valpre>
       <Title>Iron (%)</Title>
      <Amount>16</Amount>
  </Valpre>  
<!--REBOOST-->
  <Reboost>
      <Title>TotalFat (g)</Title>
      <Amount>1</Amount>
  </Reboost>
  <Reboost>
      <Title>Cholesterol (mg)</Title>
      <Amount>0</Amount>
  </Reboost>
  <Reboost>
      <Title>Sodium (mg)</Title>
      <Amount>17</Amount>
  </Reboost>
  <Reboost> 
      <Title>TotalCarbohydrates (g)</Title>
      <Amount>44</Amount>
  </Reboost>
  <Reboost>  
      <Title>Protein (g)</Title>
      <Amount>4</Amount>
   </Reboost>
  <Reboost>
      <Title>Calcium (%)</Title>
      <Amount>10</Amount>
  </Reboost>
  <Reboost>
       <Title>Iron (%)</Title>
      <Amount>16</Amount>
  </Reboost>  
<!--FRIES-->
  <Fries>
      <Title>TotalFat (g)</Title>
      <Amount>30</Amount>
  </Fries>
  <Fries>
      <Title>Cholesterol (mg)</Title>
      <Amount>0</Amount>
  </Fries>
  <Fries>
      <Title>Sodium (mg)</Title>
      <Amount>71</Amount>
  </Fries>
  <Fries> 
      <Title>TotalCarbohydrates (g)</Title>
      <Amount>44</Amount>
  </Fries>
  <Fries>  
      <Title>Protein (g)</Title>
      <Amount>4</Amount>
   </Fries>
  <Fries>
      <Title>Calcium (%)</Title>
      <Amount>1</Amount>
  </Fries>
  <Fries>
       <Title>Iron (%)</Title>
      <Amount>16</Amount>
  </Fries>
</Calorie>